{"cron_job_id": 2, "cron_expression": "*/2 * * * *", "edge_function_name": "alert_ingest_cron", "cron_job_name": "alert_ingest_cron_invoke", "raw_sql": "\n            CREATE OR REPLACE PROCEDURE alert_ingest_cron_b71bb683()\n            LANGUAGE plpgsql\n            AS $$\n            BEGIN\n            PERFORM net.http_post(\n            url:='https://jxdihzqoaxtydolmltdr.supabase.co/functions/v1/alert_ingest_cron',\n            headers:=jsonb_build_object('Content-Type', 'application/json'),\n            body:='{\"edge_function_name\":\"alert_ingest_cron\"}',\n            timeout_milliseconds:=10000\n            );\n            COMMIT;\n            END;\n            $$;\n\n            SELECT cron.schedule('alert_ingest_cron_invoke', '*/2 * * * *', 'CALL alert_ingest_cron_b71bb683()');\n            "}