{"cron_job_id": 10, "cron_expression": "0 * * * *", "edge_function_name": "cer_cron", "cron_job_name": "cer_cron_invoke", "raw_sql": "\n            CREATE OR REPLACE PROCEDURE cer_cron_778220d1()\n            LANGUAGE plpgsql\n            AS $$\n            BEGIN\n            PERFORM net.http_post(\n            url:='https://jxdihzqoaxtydolmltdr.supabase.co/functions/v1/cer_cron',\n            headers:=jsonb_build_object('Content-Type', 'application/json'),\n            body:='{\"edge_function_name\":\"cer_cron\"}',\n            timeout_milliseconds:=10000\n            );\n            COMMIT;\n            END;\n            $$;\n\n            SELECT cron.schedule('cer_cron_invoke', '0 * * * *', 'CALL cer_cron_778220d1()');\n            "}