{"cron_job_id": 9, "cron_expression": "*/5 * * * *", "edge_function_name": "saskpower_cron", "cron_job_name": "saskpower_cron_invoke", "raw_sql": "\n            CREATE OR REPLACE PROCEDURE saskpower_cron_77fe7d4f()\n            LANGUAGE plpgsql\n            AS $$\n            BEGIN\n            PERFORM net.http_post(\n            url:='https://jxdihzqoaxtydolmltdr.supabase.co/functions/v1/saskpower_cron',\n            headers:=jsonb_build_object('Content-Type', 'application/json'),\n            body:='{\"edge_function_name\":\"saskpower_cron\"}',\n            timeout_milliseconds:=10000\n            );\n            COMMIT;\n            END;\n            $$;\n\n            SELECT cron.schedule('saskpower_cron_invoke', '*/5 * * * *', 'CALL saskpower_cron_77fe7d4f()');\n            "}