{"cron_job_id": 4, "cron_expression": "*/1 * * * *", "edge_function_name": "ieso_cron", "cron_job_name": "ieso_cron_invoke", "raw_sql": "\n            CREATE OR REPLACE PROCEDURE ieso_cron_34855c80()\n            LANGUAGE plpgsql\n            AS $$\n            BEGIN\n            PERFORM net.http_post(\n            url:='https://jxdihzqoaxtydolmltdr.supabase.co/functions/v1/ieso_cron',\n            headers:=jsonb_build_object('Content-Type', 'application/json'),\n            body:='{\"edge_function_name\":\"ieso_cron\"}',\n            timeout_milliseconds:=10000\n            );\n            COMMIT;\n            END;\n            $$;\n\n            SELECT cron.schedule('ieso_cron_invoke', '*/1 * * * *', 'CALL ieso_cron_34855c80()');\n            "}