{"cron_job_id": 5, "cron_expression": "*/1 * * * *", "edge_function_name": "aeso_cron", "cron_job_name": "aeso_cron_invoke", "raw_sql": "\n            CREATE OR REPLACE PROCEDURE aeso_cron_d947e508()\n            LANGUAGE plpgsql\n            AS $$\n            BEGIN\n            PERFORM net.http_post(\n            url:='https://jxdihzqoaxtydolmltdr.supabase.co/functions/v1/aeso_cron',\n            headers:=jsonb_build_object('Content-Type', 'application/json'),\n            body:='{\"edge_function_name\":\"aeso_cron\"}',\n            timeout_milliseconds:=10000\n            );\n            COMMIT;\n            END;\n            $$;\n\n            SELECT cron.schedule('aeso_cron_invoke', '*/1 * * * *', 'CALL aeso_cron_d947e508()');\n            "}