{"cron_job_id": 3, "cron_expression": "*/1 * * * *", "edge_function_name": "energy_adapter", "cron_job_name": "energy_adapter_invoke", "raw_sql": "\n            CREATE OR REPLACE PROCEDURE energy_adapter_b77c3c18()\n            LANGUAGE plpgsql\n            AS $$\n            BEGIN\n            PERFORM net.http_post(\n            url:='https://jxdihzqoaxtydolmltdr.supabase.co/functions/v1/energy_adapter',\n            headers:=jsonb_build_object('Content-Type', 'application/json'),\n            body:='{\"edge_function_name\":\"energy_adapter\"}',\n            timeout_milliseconds:=10000\n            );\n            COMMIT;\n            END;\n            $$;\n\n            SELECT cron.schedule('energy_adapter_invoke', '*/1 * * * *', 'CALL energy_adapter_b77c3c18()');\n            "}