{"cron_job_id": 7, "cron_expression": "*/5 * * * *", "edge_function_name": "hydroquebec_cron", "cron_job_name": "hydroquebec_cron_invoke", "raw_sql": "\n            CREATE OR REPLACE PROCEDURE hydroquebec_cron_949ba1cd()\n            LANGUAGE plpgsql\n            AS $$\n            BEGIN\n            PERFORM net.http_post(\n            url:='https://jxdihzqoaxtydolmltdr.supabase.co/functions/v1/hydroquebec_cron',\n            headers:=jsonb_build_object('Content-Type', 'application/json'),\n            body:='{\"edge_function_name\":\"hydroquebec_cron\"}',\n            timeout_milliseconds:=10000\n            );\n            COMMIT;\n            END;\n            $$;\n\n            SELECT cron.schedule('hydroquebec_cron_invoke', '*/5 * * * *', 'CALL hydroquebec_cron_949ba1cd()');\n            "}