{"cron_job_id": 8, "cron_expression": "*/5 * * * *", "edge_function_name": "manitoba_cron", "cron_job_name": "manitoba_cron_invoke", "raw_sql": "\n            CREATE OR REPLACE PROCEDURE manitoba_cron_6e85184a()\n            LANGUAGE plpgsql\n            AS $$\n            BEGIN\n            PERFORM net.http_post(\n            url:='https://jxdihzqoaxtydolmltdr.supabase.co/functions/v1/manitoba_cron',\n            headers:=jsonb_build_object('Content-Type', 'application/json'),\n            body:='{\"edge_function_name\":\"manitoba_cron\"}',\n            timeout_milliseconds:=10000\n            );\n            COMMIT;\n            END;\n            $$;\n\n            SELECT cron.schedule('manitoba_cron_invoke', '*/5 * * * *', 'CALL manitoba_cron_6e85184a()');\n            "}