{"cron_job_id": 6, "cron_expression": "*/5 * * * *", "edge_function_name": "bchydro_cron", "cron_job_name": "bchydro_cron_invoke", "raw_sql": "\n            CREATE OR REPLACE PROCEDURE bchydro_cron_5d29a1ff()\n            LANGUAGE plpgsql\n            AS $$\n            BEGIN\n            PERFORM net.http_post(\n            url:='https://jxdihzqoaxtydolmltdr.supabase.co/functions/v1/bchydro_cron',\n            headers:=jsonb_build_object('Content-Type', 'application/json'),\n            body:='{\"edge_function_name\":\"bchydro_cron\"}',\n            timeout_milliseconds:=10000\n            );\n            COMMIT;\n            END;\n            $$;\n\n            SELECT cron.schedule('bchydro_cron_invoke', '*/5 * * * *', 'CALL bchydro_cron_5d29a1ff()');\n            "}